Reference, Quantity, Value, Footprint, Datasheet, Mfr, Mfr Part #, Seeed SKU
C10 C11,2,39p,Capacitors_SMD:C_0603,,Yageo,CC0603JRNPO9BN390,302010126
C3 C5 C6 C7 C12 C13 C14 C15 C16 C17 C18,11,100n,Capacitors_SMD:C_0603,,Yageo,CC0603KRX7R9BB104,302010138
C1 C2 C4,3,2u2,Capacitors_SMD:C_0805,,Yageo,CC0805KKX7R8BB225,302010148
C8 C9,2,22p,Capacitors_SMD:C_0603,,YAGEO,CC0603JRNPO9BN220,302010143
CON1,1,CONSOLE,Sensors:USB_MICRO_B_ST-USB-001E,,SUNTECH,ST-USB-001E,320010015
D1,1,RESET,LEDs:LED-0603,,Everlight,19-217-BHC-ZL1M2RY-3T,304090045
D8,1,PB5,LEDs:LED-0603,,Everlight,19-217-R6C-AL1M2VY-3T,304090042
D2 D9 D10,3,A,LEDs:LED-0603,,Everlight,19-217-G7C-AN1P2-3T,304090043
IC1,1,ATMEGA328P,Housings_QFP:TQFP-32_7x7mm_Pitch0.8mm,,Atmel,ATMEGA328P-AU,310010049
P1,1,CONN_02X20,Sensors:Socket_Strip_SMD_2x20_Pitch2mm,,Yxcon,F243-1220xxxSUx1,
J1 P10,2,CBUS,Sensors:Pin_Header_Straight_1x02_Pitch2mm,
GPIO1 D3 P9 P11,4,I2C0,Sensors:Grove_SMD_Connector,,Taifeng,1125R-SMT-4P,320110032
A0 A1 GPIO2 A2 GPIO3 D4 D5 D6 A6 D7 P8 P12 P13 P14,14,I2C0,Sensors:Grove4P,,Taifeng,1125S-4P,320110033
P2 P5,2,CONN_01X08,Socket_Strips:Socket_Strip_Straight_1x08,,Yxcon,F185-1108A1BSYA1,320030003
P3,1,CONN_01X10,Socket_Strips:Socket_Strip_Straight_1x10,,Yxcon,F185-1110A1BSYA1,320030039
P4,1,CONN_01X06,Socket_Strips:Socket_Strip_Straight_1x06,,Yxcon,F185-1106A1BSYA1,320030004
P6 P7,2,96B_SPI,Pin_Headers:Pin_Header_Straight_2x03,,Yxcon,P125-1203A0BS116A1,320020003
Q1,1,S8050,Sensors:SOT-23_Seeed,,JCET,S8050,305010017
Q2 Q3,2,CJ2305,Sensors:SOT-23_Seeed,,JCET,CJ2305,305030014
R11 R12,2,220R,Sensors:R_0603_Seeed,,Yageo,RC0603JR-07220RL,301010163
R2 R3 R4 R13 R14,5,1K,Sensors:R_0603_Seeed,,Yageo,RC0402JR-071KL,301010006
R15 R16 R17 R18,4,22R,Sensors:R_0603_Seeed,
R19 R20,2,100k,Sensors:R_0603_Seeed,,YAGEO,RC0603FR-07100KL,301010196
R5 R7,2,620R,Sensors:R_0603_Seeed,,YAGEO,RC0603JR-07620RL,301010210
R8 R10,2,22R,Sensors:R_0603_Seeed,,Yageo,RC0603JR-0722RL,301010289
R1 R6 R9,3,10K,Sensors:R_0603_Seeed,,Yageo,RC0603FR-0710KL,301010299
SW1,1,VIO,Sensors:DIP_Toggle_Switch,,Deyilong,MS-22D18 G2,311010004
U1,1,CJT1117-3.3,Sensors:SOT223,,Jiangsu Changjiang,CJT1117-3.3,310030097
U2,1,XC6206,Sensors:SOT-23_Seeed,,Torex,XC6206P182MR,310030016
U3,1,FT230XS,Housings_SSOP:SSOP-16_3.9x4.9mm_Pitch0.635mm,,FTDI,FT230XS-R,310070030
U4,1,TXB0108PW,Housings_SSOP:SSOP-20_4.4x6.5mm_Pitch0.65mm,,TI,TXB0108PW,310050024
U5,1,TXS0108E,Housings_SSOP:SSOP-20_4.4x6.5mm_Pitch0.65mm,,TI,TXS0108EPWR,310050026
X1,1,16MHz,Sensors:Crystal_3.2X5_SMD,,Jingpengyuan,X053201602002,306010054
