Reference, Quantity, Value, Footprint, Datasheet, Mfr, Mfr Part #, Seeed SKU
C12 C14,2,22p,Capacitors_SMD:C_0603,,Yageo,CC0603JRNPO9BN220,302010143
C11 C13 C16,3,2u2,Capacitors_SMD:C_0805,,Yageo,CC0805KKX7R8BB225,302010148
C3 C4,2,39p,Capacitors_SMD:C_0603,,Yageo,CC0603JRNPO9BN390,302010126
C1 C2 C5 C6 C7 C8 C9 C10 C15,9,100n,Capacitors_SMD:C_0603,,Yageo,CC0603KRX7R9BB104,302010138
CON1,1,CONSOLE,Sensors:USB_MICRO_B_ST-USB-001E,,SUNTECH,ST-USB-001E,320010015
D1,1,RESET,LEDs:LED-0603,,Everlight,19-217-BHC-ZL1M2RY-3T,304090045
D2,1,PWR,LEDs:LED-0603,,Everlight,19-217-G7C-AN1P2-3T,304090043
D3,1,PB5,LEDs:LED-0603,,Everlight,19-217-R6C-AL1M2VY-3T,304090042
D4,1,GPIOD,LEDs:LED-0603,,Everlight,19-217-G7C-AN1P2-3T,304090043
D5,1,GPIOC,LEDs:LED-0603,,Everlight,19-217-G7C-AN1P2-3T,304090043
D6,1,GPIOB,LEDs:LED-0603,,Everlight,19-217-G7C-AN1P2-3T,304090043
D7,1,GPIOA,LEDs:LED-0603,,Everlight,19-217-G7C-AN1P2-3T,304090043
IC1,1,ATMEGA328P,Housings_QFP:TQFP-32_7x7mm_Pitch0.8mm,,Atmel,ATMEGA328P-AU,310010049
P11 P18,2,I2C,Sensors:Grove4P,,Taifeng,,320110033
P12 P19,2,96B-GPIO,Sensors:Grove4P,,Taifeng,,320110033
P13,1,96B-I2C0,Sensors:Grove4P,,Taifeng,,320110033
P8 P9 P10 P14 P15 P16,6,GPIO,Sensors:Grove4P,,Taifeng,,320110033
P17,1,ADC,Sensors:Grove4P,,Taifeng,,320110033
P2,1,CONN_01X06,Socket_Strips:Socket_Strip_Straight_1x06,,Yxcon,F185-1106A1BSYA1,320030004
P20,1,96B-I2C1,Sensors:Grove4P,,Taifeng,,320110033
P3,1,CONN_02X03,Pin_Headers:Pin_Header_Straight_2x03,,Yxcon,P125-1203A0BS116A1,320020003
P4,1,CONN_01X10,Socket_Strips:Socket_Strip_Straight_1x10,,Yxcon,F185-1110A1BSYA1,320030039
P1 P5,2,CONN_01X08,Socket_Strips:Socket_Strip_Straight_1x08,,Yxcon,F185-1108A1BSYA1,320030003
P6,1,CONN_02X20,Sensors:Socket_Strip_SMD_2x20_Pitch2mm,,Yxcon,P220-1220A0XMXXXX2,
P7,1,UART,Sensors:Grove4P,,Taifeng,,320110033
Q1,1,S8050,Sensors:SOT-23_Seeed,
R1 R2,2,22R,Sensors:R_0603_Seeed,,Yageo,RC0603JR-0722RL,301010289
R14 R15,2,220R,Sensors:R_0603_Seeed,,Yageo,RC0603JR-07220RL,301010163
R16,1,620R,Sensors:R_0603_Seeed,
R3 R4 R13,3,10K,Sensors:R_0603_Seeed,,Yageo,RC0603FR-0710KL,301010299
R5 R6 R7 R8 R9 R10 R11 R12,8,620R,Sensors:R_0603_Seeed,,Yageo,RC0603JR-07620RL,301010210
SW1,1,RESET,Sensors:SW_PUSH_DTSM_62K,,DIPTRONICS,DTSM-62K-S-V-T/R(SN431),311020004
U1,1,TXB0106PW,Housings_SSOP:SSOP-16_5.3x6.2mm_Pitch0.65mm,,TI,TXB0106PW,
U2,1,TXS0104PW,Housings_SSOP:SSOP-14_5.3x6.2mm_Pitch0.65mm,,TI,TXS0104PW,
U3,1,FT230XS,Housings_SSOP:SSOP-16_3.9x4.9mm_Pitch0.635mm,,FTDI,FT230XS-R,310070030
U4,1,S8050-3.3,Sensors:SOT223,,Jiangsu Changjiang,CJT1117-3.3,310030097
U5,1,XC6206,Sensors:SOT-23_Seeed,,Torex,XC6206P182MR,310030016
X1,1,16MHz,Sensors:Crystal_3.2X5_SMD,,Jingpengyuan,X053201602002,306010054
